{
  "success": [
    {
      "name": "Test Event",
      "owner": {
        "uid": "abc",
        "name": "Desmond"
      },
      "admins": [
        {
          "uid": "abc",
          "name": "Desmond"
        },
        {
        "uid": "123",
        "name": "Isaac"
        }
      ],
      "participants": [
        {
          "uid": "abc",
          "name": "Desmond"
        },
        {
          "uid": "123",
          "name": "Isaac"
        },
        {
          "uid": "322",
          "name": "Jake"
        }
      ],
      "tasks": [
        {
          "owner": {
            "uid": "me",
            "name": "Desmond"
          },
          "name": "Rent Venue",
          "description": "We are renting the gazebo in the park. Everyone should join this TASK.",
          "cost": 500,
          "status": true,
          "assignees": [
            {
              "uid": "322",
              "name": "Jake"
            },
            {
              "uid": "abc",
              "name": "Desmond"
            }
          ],
          "limit": 10
        },
        {
          "owner": {
            "uid": "123",
            "name": "Isaac"
          },
          "name": "Buy Food",
          "description": "We are catering dreamland barbecue. Should be delicious",
          "cost": 300,
          "status": false,
          "assignees": [
            {
              "uid": "322",
              "name": "Jake"
            },
            {
              "uid": "123",
              "name": "Isaac"
            },
            {
              "uid": "abc",
              "name": "Desmond"
            }
            
          ],
          "limit": 10
        },
        {
          "owner": {
            "uid": "me",
            "name": "Desmond"
          },
          "name": "Drinks",
          "description": "We will have drinks for those who want them. We'll all split the cost. Join if you want!",
          "cost": 50,
          "status": true,
          "assignees": [
            {
              "uid": "322",
              "name": "Jake"
            },
            {
              "uid": "abc",
              "name": "Desmond"
            }
          ],
          "limit": 10
        }
      ],
      "description": "This is a test event",
      "status" : false,
      "date" : "25-12-2019",
      "time" : "3:30"
    },
    {
      "name": "Iron Bowl",
      "owner": {
        "uid": "123",
        "name": "Isaac Smearsoll"
      },
      "admins": [
        {
          "uid": "123",
          "name": "Isaac"
        }
      ],
      "participants": [
        {
        "uid": "123",
        "name": "Isaac"
        }],
      "tasks": [],
      "description": "Biggest football game of the year. Be there or be square. This is a super long description to test something. Thanks for taking the time to look at my JSON",
      "status" : true,
      "date" : "December 25, 2019",
      "time" : "3:30"
    },
    {
      "name": "Isaac's party",
      "owner": {
        "uid": "123",
        "name": "Isaac Smearsoll"
      },
      "admins": [
        {
          "uid": "",
          "name": "james"
        }
      ],
      "participants": [],
      "tasks": [],
      "description": "Isaac is hosting this, so its gonna be awesome",
      "status" : true,
      "date" : "25-12-2019",
      "time" : "5:00"
    },
    {
      "name": "Vacation",
      "owner": {
        "uid": "123",
        "name": "Isaac Smearsoll"
      },
      "admins": [
        {
          "uid": "123",
          "name": "Isaac Smearsoll"
        }
      ],
      "participants": [],
      "tasks": [],
      "description": "We are headed to disney world. Space Mountain or Bust",
      "status" : false,
      "date" : "25-12-2019",
      "time" : "17:58"
    },
    {
      "name": "Final Trip",
      "owner": {
        "uid": "123",
        "name": "Isaac Smearsoll"
      },
      "admins": [],
      "participants": [],
      "tasks": [],
      "description": "This name might seem ominous, but the event is not",
      "status" : true,
      "date" : "25-12-2019",
      "time" : "17:23"
    },
    {
      "name": "Victory Lap",
      "owner": {
        "uid": "123",
        "name": "Isaac Smearsoll"
      },
      "admins": [],
      "participants": [],
      "tasks": [],
      "description": "Thats right boys, we are doing college for another year and no one can stop us",
      "status" : false,
      "date" : "25-12-2019",
      "time" : "1:00"
    }
  ]
}